tumka altanginj,2017/05/31 11:57:48,first
second 
third
dsfsf,2017/05/31 12:07:34,asdfgrdgfh
dfgsdgfs
2,2017/06/7 10:52:40,second
klkk
asd
asd,2017/06/7 10:59:21,adfs<br>sadf
tsuika kadai 2,2017/06/7 11:00:44,
kadai 2,2017/06/7 11:01:01,tsuika <br>kadai2 <br>shyuuryou
sakhfj,2017/06/7 11:20:08,hksdgkjl
,2017/06/7 11:20:23,
dsfg,2017/06/7 11:24:43,sdfgsdfg<br>hjn
dsfg,2017/06/7 11:36:03,sdfgsdfg<br>hjn
last one ,2017/06/7 11:36:38,naiyou<br>naiyou2
,2017/06/7 11:38:19,
tsuikakadai4,2017/06/7 11:39:11,hello ,my name is<br>tumka<br>
tumka,2017/06/7 11:39:53,hello,my name is tumka<br>
sdf,2017/07/5 10:56:51,sdafjlak<br>
asdas,2017/07/5 10:57:06,asdfadf
asdfas,2017/07/5 11:24:45,asdfasd
hi ,2017/07/5 11:24:55,todau 
